﻿<?xml version="1.0" encoding="utf-8" ?>
<!-- Nodes must be in this order for JICS to parse the file properly. -->
<Theme xmlns="http://www.jenzabar.net/jics/themes/themecreationinfo">
  <!-- Name used as unique ID for Theme, also part of path to Theme files. 
  Should be prefixed with a unique ID if intended to be shared with other schools, such as a school's abbreviation. -->
  <Name>sample_theme</Name>
  <DisplayName>Sample Theme</DisplayName>
  <Author>Mike Kelly of Jenzabar</Author>
  <Description>A sample theme.</Description>
  <!-- Version must be an integer greater than 0. -->
  <Version>1</Version>
  <!-- Forcing what version of site HTML will be used. "div" by default, can be "table" for backwards-compliance. -->
  <HtmlType>div</HtmlType>
  <!--  Setting this to "true" will prevent default site CSS from being included, making the Theme CSS the only styling that is used. Portlet specific CSS will still be loaded by JICS. -->
  <DisableDefaultCss>false</DisableDefaultCss>
  <ReadMe>
    Here's some info about this theme that will be shown to a JICS administrator when they install the theme via the Site Manager UI.
    This will be shown only at that time and never again.  This is a good place for configuration tips if any are required inside CSS/JScript for the theme.
  </ReadMe>
</Theme>
